{"cameraMode":{"drawMode":0,"name":"Shaded","section":"Shading Mode"},"sceneLighting":false,"audioPlay":false,"sceneViewState":{"showFog":true,"showMaterialUpdate":false,"showSkybox":true,"showFlares":true,"showImageEffects":true,"showParticleSystems":true},"in2DMode":false,"pivot":{"x":-0.23373737931251527,"y":1.7160403728485108,"z":-0.8215291500091553},"rotation":{"x":-0.08122161030769348,"y":-0.014669863507151604,"z":0.0011953591601923109,"w":-0.9965874552726746},"size":1.5669043064117432,"orthographic":false}