{"cameraMode":{"drawMode":0,"name":"Shaded","section":"Shading Mode"},"sceneLighting":false,"audioPlay":false,"sceneViewState":{"showFog":true,"showMaterialUpdate":false,"showSkybox":true,"showFlares":true,"showImageEffects":true,"showParticleSystems":true},"in2DMode":false,"pivot":{"x":-0.25000011920928957,"y":0.26000046730041506,"z":0.0},"rotation":{"x":-0.4210210144519806,"y":0.4393053352832794,"z":-0.24504446983337403,"w":-0.754788339138031},"size":9.976759910583496,"orthographic":false}