{"cameraMode":{"drawMode":0,"name":"Shaded","section":"Shading Mode"},"sceneLighting":false,"audioPlay":false,"sceneViewState":{"showFog":true,"showMaterialUpdate":false,"showSkybox":true,"showFlares":true,"showImageEffects":true,"showParticleSystems":true},"in2DMode":false,"pivot":{"x":0.9338082075119019,"y":1.600551962852478,"z":-0.23766422271728517},"rotation":{"x":-0.060131341218948367,"y":-0.6545850038528442,"z":0.052357688546180728,"w":-0.7517722249031067},"size":2.374622344970703,"orthographic":false}